Model,C-index (train),C-index (test)
A: Original (DB metrics),0.7081312316056485,0.6949847753812511
B: AST only,0.5737861193732339,0.5639116145724076
C: Combined (DB + AST),0.7147487033570058,0.6996983682005709
