Model,C-index (train),C-index (test)
A: Original (DB metrics),0.6939011858352228,0.6694528422714343
B: AST only,0.6168862355757816,0.5921634622544566
C: Combined (DB + AST),0.7013826588589667,0.6663961159843329
